{
    "antennaF;": {
        "sn": 0,
        "id": 0,
        "lng": 117.2528907,
        "lat": 31.71735091,
        "high": 25.4909
    },
    "antennaB": {
        "sn": 0,
        "id": 0,
        "lng": 117.252881,
        "lat": 31.71735483,
        "high": 25.4960
    },
    "body": [
        {
            "sn": 0,
            "id": 1,
            "lng": 117.2529114,
            "lat": 31.71734249,
            "high": 25.6977
        },
        {
            "sn": 0,
            "id": 2,
            "lng": 117.2529129,
            "lat": 31.71734659,
            "high": 25.7087
        },
        {
            "sn": 0,
            "id": 3,
            "lng": 117.2529122,
            "lat": 31.71734911,
            "high": 25.7077
        },
        {
            "sn": 0,
            "id": 4,
            "lng": 117.2529108,
            "lat": 31.7173509,
            "high": 25.7007
        },
        {
            "sn": 0,
            "id": 5,
            "lng": 117.2529069,
            "lat": 31.71735312,
            "high": 25.6947
        },
        {
            "sn": 0,
            "id": 6,
            "lng": 117.2529012,
            "lat": 31.71735527,
            "high": 25.6867
        },
        {
            "sn": 0,
            "id": 7,
            "lng": 117.2528947,
            "lat": 31.71735792,
            "high": 25.6817
        },
        {
            "sn": 0,
            "id": 8,
            "lng": 117.2528852,
            "lat": 31.7173617,
            "high": 25.6677
        },
        {
            "sn": 0,
            "id": 9,
            "lng": 117.2528822,
            "lat": 31.71736317,
            "high": 25.6577
        },
        {
            "sn": 0,
            "id": 10,
            "lng": 117.2528763,
            "lat": 31.71736472,
            "high": 25.6487
        },
        {
            "sn": 0,
            "id": 11,
            "lng":117.2528728,
            "lat": 31.71736455,
            "high": 25.6547
        },
        {
            "sn": 0,
            "id": 12,
            "lng": 117.2528706,
            "lat": 31.7173626,
            "high": 25.6407
        },
        {
            "sn": 0,
            "id": 13,
            "lng": 117.2528685,
            "lat": 31.71735981,
            "high": 25.6377
        },
        {
            "sn": 0,
            "id": 14,
            "lng": 117.2528672,
            "lat": 31.71735688,
            "high": 25.6367
        },
        {
            "sn": 0,
            "id": 15,
            "lng": 117.2528671,
            "lat": 31.71735384,
            "high": 25.6387
        },
        {
            "sn": 0,
            "id": 16,
            "lng": 117.2528696,
            "lat": 31.71735143,
            "high": 25.6427
        },
        {
            "sn": 0,
            "id": 17,
            "lng": 117.2528744,
            "lat": 31.71734883,
            "high": 25.6467
        },
        {
            "sn": 0,
            "id": 18,
            "lng": 117.2528776,
            "lat": 31.71734753,
            "high": 25.6447
        },
        {
            "sn": 0,
            "id": 19,
            "lng": 117.2528872,
            "lat": 31.71734379,
            "high": 25.6697
        },
        {
            "sn": 0,
            "id": 20,
            "lng": 117.2528936,
            "lat": 31.71734109,
            "high": 25.6847
        },
        {
            "sn": 0,
            "id": 21,
            "lng": 117.252899,
            "lat": 31.71733889,
            "high": 25.6847
        },
        {
            "sn": 0,
            "id": 22,
            "lng": 117.252903,
            "lat": 31.7173377,
            "high": 25.6937
        },
      {
        "sn": 0,
        "id": 23,
        "lng": 117.2529059,
        "lat": 31.71733783,
        "high": 25.6887
      },
        {
            "sn": 0,
            "id": 24,
            "lng": 117.2529087,
            "lat": 31.7173391,
            "high": 25.6947
        }
    ],
    "fontTyreL1": {
        "sn": 0,
        "id": 25,
        "lng": 117.2529065,
        "lat": 31.71735249,
        "high": 25.6927
    },
    "fontTyreL2": {
        "sn": 0,
        "id": 26,
        "lng": 117.2529058,
        "lat": 31.71735112,
        "high": 25.6957
    },
    "fontTyreR1": {
        "sn": 0,
        "id": 29,
        "lng": 117.2528989,
        "lat": 31.71733913,
        "high": 25.6897
    },
    "fontTyreR2": {
        "sn": 0,
        "id": 30,
        "lng": 117.2528998,
        "lat": 31.71734048,
        "high": 25.6877
    },
    "backTyreL1": {
        "sn": 0,
        "id": 27,
        "lng": 117.2528819,
        "lat": 31.71736267,
        "high": 25.6587
    },
    "backTyreL2": {
        "sn": 0,
        "id": 28,
        "lng": 117.2528812,
        "lat": 31.71736134,
        "high": 25.6587
    },
    "backTyreR1": {
        "sn": 0,
        "id": 31,
        "lng": 117.252875,
        "lat": 31.71734932,
        "high": 25.6477
    },
    "backTyreR2": {
        "sn": 0,
        "id": 32,
        "lng": 117.2528757,
        "lat": 31.71735078,
        "high": 25.6517
    }
}