﻿{
    "lines": [
        {
            "type": "D",
            "points": [
                {
                    "id": 1,
                    "sn": 1,
                    "lng": 117.2530176,
                    "lat": 31.71730274,
                    "high": 25.7798
                },
                {
                    "id": 2,
                    "sn": 2,
                    "lng": 117.2529881,
                    "lat": 31.71724837,
                    "high": 25.7377
                }
            ]
        },
        {
            "type": "S",
            "points": [
                {
                    "id": 2,
                    "sn": 2,
                    "lng": 117.2529881,
                    "lat": 31.71724837,
                    "high": 25.7377
                },
                {
                    "id": 3,
                    "sn": 3,
                    "lng": 117.2530516,
                    "lat": 31.71722334,
                    "high": 25.7917
                }
            ]
        },
        {
            "type": "S",
            "points": [
                {
                    "id": 3,
                    "sn": 3,
                    "lng": 117.2530516,
                    "lat": 31.71722334,
                    "high": 25.7917
                },
                {
                    "id": 4,
                    "sn": 4,
                    "lng": 117.253029,
                    "lat": 31.71718107,
                    "high": 25.8087
                }
            ]
        },
        {
            "type": "S",
            "points": [
                {
                    "id": 4,
                    "sn": 4,
                    "lng": 117.253029,
                    "lat": 31.71718107,
                    "high": 25.8087
                },
                {
                    "id": 5,
                    "sn": 5,
                    "lng": 117.2530513,
                    "lat": 31.71717237,
                    "high": 25.7977
                }
            ]
        },
        {
            "type": "S",
            "points": [
                {
                    "id": 5,
                    "sn": 5,
                    "lng": 117.2530513,
                    "lat": 31.71717237,
                    "high": 25.7977
                },
                {
                    "id": 6,
                    "sn": 6,
                    "lng": 117.2530739,
                    "lat": 31.71721442,
                    "high": 25.7977
                }
            ]
        },
        {
            "type": "S",
            "points": [
                {
                    "id": 6,
                    "sn": 6,
                    "lng": 117.2530739,
                    "lat": 31.71721442,
                    "high": 25.7977
                },
                {
                    "id": 7,
                    "sn": 7,
                    "lng": 117.2531369,
                    "lat": 31.7171897,
                    "high": 25.8018
                }
            ]
        },
        {
            "type": "D",
            "points": [
                {
                    "id": 7,
                    "sn": 7,
                    "lng": 117.2531369,
                    "lat": 31.7171897,
                    "high": 25.8018
                },
                {
                    "id": 8,
                    "sn": 8,
                    "lng": 117.2531662,
                    "lat": 31.71724409,
                    "high": 25.8458
                }
            ]
        },
        {
            "type": "S",
            "points": [
                {
                    "id": 8,
                    "sn": 8,
                    "lng": 117.2531662,
                    "lat": 31.71724409,
                    "high": 25.8458
                },
                {
                    "id": 1,
                    "sn": 1,
                    "lng": 117.2530176,
                    "lat": 31.71730274,
                    "high": 25.7798
                }
            ]
        },
        {
            "type": "D",
            "points": [
                {
                    "id": 3,
                    "sn": 3,
                    "lng": 117.2530516,
                    "lat": 31.71722334,
                    "high": 25.7917
                },
                {
                    "id": 6,
                    "sn": 6,
                    "lng": 117.2530739,
                    "lat": 31.71721442,
                    "high": 25.7977
                }
            ]
        },
        {
            "type": "D",
            "points": [
                {
                    "id": "3",
                    "sn": "13",
                    "lng": "117.2533138",
                    "lat": "31.7171236",
                    "high": "25.8559"
                },
                {
                    "id": "6",
                    "sn": "16",
                    "lng": "117.2533871",
                    "lat": "31.71709478",
                    "high": "25.892"
                }
            ]
        },
        {
            "type": "S",
            "points": [
                {
                    "id": "2",
                    "sn": "12",
                    "lng": "117.2532728",
                    "lat": "31.71713958",
                    "high": "25.8389"
                },
                {
                    "id": "3",
                    "sn": "13",
                    "lng": "117.2533138",
                    "lat": "31.7171236",
                    "high": "25.8559"
                },
                {
                    "id": "4",
                    "sn": "14",
                    "lng": "117.2533026",
                    "lat": "31.71710283",
                    "high": "25.8639"
                },
                {
                    "id": "5",
                    "sn": "15",
                    "lng": "117.253376",
                    "lat": "31.71707424",
                    "high": "25.906"
                },
                {
                    "id": "6",
                    "sn": "16",
                    "lng": "117.2533871",
                    "lat": "31.71709478",
                    "high": "25.892"
                },
                {
                    "id": "7",
                    "sn": "17",
                    "lng": "117.2534344",
                    "lat": "31.7170764",
                    "high": "25.916"
                }
            ]
        },
        {
            "type": "S",
            "points": [
                {
                    "id": "1",
                    "sn": "11",
                    "lng": "117.2532881",
                    "lat": "31.71716729",
                    "high": "25.8609"
                },
                {
                    "id": "8",
                    "sn": "18",
                    "lng": "117.2534487",
                    "lat": "31.7171043",
                    "high": "25.9261"
                }
            ]
        },
        {
            "type": "S",
            "points": [
                {
                    "id": "1",
                    "sn": "21",
                    "lng": "117.2536915",
                    "lat": "31.71737865",
                    "high": "26.2646"
                },
                {
                    "id": "9",
                    "sn": "29",
                    "lng": "117.253581",
                    "lat": "31.71742196",
                    "high": "27.3775"
                }
            ]
        },
        {
            "type": "S",
            "points": [
                {
                    "id": "2",
                    "sn": "22",
                    "lng": "117.2535933",
                    "lat": "31.71741701",
                    "high": "27.2545"
                },
                {
                    "id": "3",
                    "sn": "23",
                    "lng": "117.2535763",
                    "lat": "31.71738418",
                    "high": "27.2065"
                }
            ]
        },
        {
            "type": "S",
            "points": [
                {
                    "id": "4",
                    "sn": "24",
                    "lng": "117.2535715",
                    "lat": "31.71738601",
                    "high": "27.2445"
                },
                {
                    "id": "5",
                    "sn": "25",
                    "lng": "117.2535885",
                    "lat": "31.71741895",
                    "high": "27.2965"
                }
            ]
        },
        {
            "type": "S",
            "points": [
                {
                    "id": "6",
                    "sn": "26",
                    "lng": "117.2535856",
                    "lat": "31.71742014",
                    "high": "27.3295"
                },
                {
                    "id": "7",
                    "sn": "27",
                    "lng": "117.2535686",
                    "lat": "31.71738719",
                    "high": "27.2735"
                }
            ]
        },
        {
            "type": "S",
            "points": [
                {
                    "id": "8",
                    "sn": "28",
                    "lng": "117.2535639",
                    "lat": "31.71738909",
                    "high": "27.3334"
                },
                {
                    "id": "9",
                    "sn": "29",
                    "lng": "117.253581",
                    "lat": "31.71742196",
                    "high": "27.3775"
                }
            ]
        },
        {
            "type": "S",
            "points": [
                {
                    "id": "1",
                    "sn": "R1",
                    "lng": "117.2536296",
                    "lat": "31.71698681",
                    "high": "25.9693"
                },
                {
                    "id": "2",
                    "sn": "R2",
                    "lng": "117.2536348",
                    "lat": "31.71698512",
                    "high": "25.9903"
                },
                {
                    "id": "3",
                    "sn": "R3",
                    "lng": "117.2536397",
                    "lat": "31.71698366",
                    "high": "25.9633"
                },
                {
                    "id": "4",
                    "sn": "R4",
                    "lng": "117.2536448",
                    "lat": "31.71698246",
                    "high": "25.9783"
                },
                {
                    "id": "5",
                    "sn": "R5",
                    "lng": "117.2536504",
                    "lat": "31.71698149",
                    "high": "25.9793"
                },
                {
                    "id": "6",
                    "sn": "R6",
                    "lng": "117.2536569",
                    "lat": "31.71698076",
                    "high": "25.9793"
                },
                {
                    "id": "7",
                    "sn": "R7",
                    "lng": "117.2536632",
                    "lat": "31.71698043",
                    "high": "25.9793"
                },
                {
                    "id": "8",
                    "sn": "R8",
                    "lng": "117.2536689",
                    "lat": "31.71698038",
                    "high": "25.9704"
                },
                {
                    "id": "9",
                    "sn": "R9",
                    "lng": "117.2536755",
                    "lat": "31.7169805",
                    "high": "25.9894"
                },
                {
                    "id": "10",
                    "sn": "R10",
                    "lng": "117.2536819",
                    "lat": "31.71698122",
                    "high": "25.9924"
                },
                {
                    "id": "11",
                    "sn": "R11",
                    "lng": "117.2536877",
                    "lat": "31.71698238",
                    "high": "25.9974"
                },
                {
                    "id": "12",
                    "sn": "R12",
                    "lng": "117.2536931",
                    "lat": "31.71698383",
                    "high": "25.9934"
                },
                {
                    "id": "13",
                    "sn": "R13",
                    "lng": "117.2536985",
                    "lat": "31.71698565",
                    "high": "26.0044"
                },
                {
                    "id": "14",
                    "sn": "R14",
                    "lng": "117.2537035",
                    "lat": "31.71698771",
                    "high": "25.9964"
                },
                {
                    "id": "15",
                    "sn": "R15",
                    "lng": "117.2537092",
                    "lat": "31.71699071",
                    "high": "26.0034"
                },
                {
                    "id": "16",
                    "sn": "R16",
                    "lng": "117.2537137",
                    "lat": "31.71699329",
                    "high": "26.0064"
                },
                {
                    "id": "17",
                    "sn": "R17",
                    "lng": "117.2537184",
                    "lat": "31.71699652",
                    "high": "26.0244"
                },
                {
                    "id": "18",
                    "sn": "R18",
                    "lng": "117.2537231",
                    "lat": "31.71700025",
                    "high": "26.0264"
                },
                {
                    "id": "19",
                    "sn": "R19",
                    "lng": "117.2537275",
                    "lat": "31.71700456",
                    "high": "26.0275"
                },
                {
                    "id": "20",
                    "sn": "R20",
                    "lng": "117.2537314",
                    "lat": "31.71700897",
                    "high": "26.0285"
                },
                {
                    "id": "21",
                    "sn": "R21",
                    "lng": "117.2537348",
                    "lat": "31.71701353",
                    "high": "26.0305"
                },
                {
                    "id": "22",
                    "sn": "R22",
                    "lng": "117.2537378",
                    "lat": "31.71701886",
                    "high": "26.0265"
                },
                {
                    "id": "23",
                    "sn": "R23",
                    "lng": "117.2537405",
                    "lat": "31.71702461",
                    "high": "26.0315"
                },
                {
                    "id": "24",
                    "sn": "R24",
                    "lng": "117.2537424",
                    "lat": "31.71702958",
                    "high": "26.0225"
                },
                {
                    "id": "25",
                    "sn": "R25",
                    "lng": "117.2537439",
                    "lat": "31.71703542",
                    "high": "26.0315"
                },
                {
                    "id": "26",
                    "sn": "R26",
                    "lng": "117.2537448",
                    "lat": "31.71704115",
                    "high": "26.0335"
                },
                {
                    "id": "27",
                    "sn": "R27",
                    "lng": "117.2537451",
                    "lat": "31.71704799",
                    "high": "26.0405"
                },
                {
                    "id": "28",
                    "sn": "R28",
                    "lng": "117.2537446",
                    "lat": "31.71705348",
                    "high": "26.0275"
                },
                {
                    "id": "29",
                    "sn": "R29",
                    "lng": "117.2537437",
                    "lat": "31.71705833",
                    "high": "26.0345"
                },
                {
                    "id": "30",
                    "sn": "R30",
                    "lng": "117.2537422",
                    "lat": "31.71706377",
                    "high": "26.0325"
                },
                {
                    "id": "31",
                    "sn": "R31",
                    "lng": "117.2537405",
                    "lat": "31.7170685",
                    "high": "26.0385"
                },
                {
                    "id": "32",
                    "sn": "R32",
                    "lng": "117.2537394",
                    "lat": "31.71707346",
                    "high": "26.0265"
                },
                {
                    "id": "33",
                    "sn": "R33",
                    "lng": "117.2537385",
                    "lat": "31.71707852",
                    "high": "26.0215"
                },
                {
                    "id": "34",
                    "sn": "R34",
                    "lng": "117.2537381",
                    "lat": "31.71708365",
                    "high": "26.0225"
                },
                {
                    "id": "35",
                    "sn": "R35",
                    "lng": "117.2537389",
                    "lat": "31.71708917",
                    "high": "26.0215"
                },
                {
                    "id": "36",
                    "sn": "R36",
                    "lng": "117.2537404",
                    "lat": "31.71709416",
                    "high": "26.0445"
                },
                {
                    "id": "37",
                    "sn": "R37",
                    "lng": "117.253743",
                    "lat": "31.71709923",
                    "high": "26.0205"
                },
                {
                    "id": "38",
                    "sn": "R38",
                    "lng": "117.253747",
                    "lat": "31.71710421",
                    "high": "26.0355"
                },
                {
                    "id": "39",
                    "sn": "R39",
                    "lng": "117.2537509",
                    "lat": "31.71710814",
                    "high": "26.0205"
                },
                {
                    "id": "40",
                    "sn": "R40",
                    "lng": "117.2537552",
                    "lat": "31.71711143",
                    "high": "26.0355"
                },
                {
                    "id": "41",
                    "sn": "R41",
                    "lng": "117.2537602",
                    "lat": "31.71711429",
                    "high": "26.0396"
                },
                {
                    "id": "42",
                    "sn": "R42",
                    "lng": "117.253766",
                    "lat": "31.71711647",
                    "high": "26.0456"
                },
                {
                    "id": "43",
                    "sn": "R43",
                    "lng": "117.253772",
                    "lat": "31.71711774",
                    "high": "26.0556"
                },
                {
                    "id": "44",
                    "sn": "R44",
                    "lng": "117.2537786",
                    "lat": "31.71711883",
                    "high": "26.0566"
                },
                {
                    "id": "45",
                    "sn": "R45",
                    "lng": "117.2537837",
                    "lat": "31.71711901",
                    "high": "26.0696"
                },
                {
                    "id": "46",
                    "sn": "R46",
                    "lng": "117.2537891",
                    "lat": "31.71711818",
                    "high": "26.0766"
                },
                {
                    "id": "47",
                    "sn": "R47",
                    "lng": "117.2537943",
                    "lat": "31.71711689",
                    "high": "26.0716"
                },
                {
                    "id": "48",
                    "sn": "R48",
                    "lng": "117.2537985",
                    "lat": "31.71711535",
                    "high": "26.0826"
                },
                {
                    "id": "49",
                    "sn": "R49",
                    "lng": "117.2538021",
                    "lat": "31.71711376",
                    "high": "26.0856"
                },
                {
                    "id": "50",
                    "sn": "R50",
                    "lng": "117.253804",
                    "lat": "31.71711294",
                    "high": "26.0796"
                }
            ]
        },
        {
            "type": "S",
            "points": [
                {
                    "id": "1",
                    "sn": "L1",
                    "lng": "117.253643",
                    "lat": "31.71701608",
                    "high": "25.9853"
                },
                {
                    "id": "2",
                    "sn": "L2",
                    "lng": "117.2536457",
                    "lat": "31.71701511",
                    "high": "25.9923"
                },
                {
                    "id": "3",
                    "sn": "L3",
                    "lng": "117.2536507",
                    "lat": "31.71701355",
                    "high": "25.9893"
                },
                {
                    "id": "4",
                    "sn": "L4",
                    "lng": "117.2536562",
                    "lat": "31.71701219",
                    "high": "25.9983"
                },
                {
                    "id": "5",
                    "sn": "L5",
                    "lng": "117.2536622",
                    "lat": "31.71701141",
                    "high": "25.9873"
                },
                {
                    "id": "6",
                    "sn": "L6",
                    "lng": "117.253669",
                    "lat": "31.71701135",
                    "high": "25.9904"
                },
                {
                    "id": "7",
                    "sn": "L7",
                    "lng": "117.2536754",
                    "lat": "31.71701199",
                    "high": "26.0004"
                },
                {
                    "id": "8",
                    "sn": "L8",
                    "lng": "117.2536816",
                    "lat": "31.7170135",
                    "high": "25.9984"
                },
                {
                    "id": "9",
                    "sn": "L9",
                    "lng": "117.2536868",
                    "lat": "31.71701577",
                    "high": "26.0034"
                },
                {
                    "id": "10",
                    "sn": "L10",
                    "lng": "117.2536923",
                    "lat": "31.71701893",
                    "high": "26.0014"
                },
                {
                    "id": "11",
                    "sn": "L11",
                    "lng": "117.253698",
                    "lat": "31.71702327",
                    "high": "25.9944"
                },
                {
                    "id": "12",
                    "sn": "L12",
                    "lng": "117.2537025",
                    "lat": "31.71702816",
                    "high": "25.9944"
                },
                {
                    "id": "13",
                    "sn": "L13",
                    "lng": "117.2537055",
                    "lat": "31.71703417",
                    "high": "26.0044"
                },
                {
                    "id": "14",
                    "sn": "L14",
                    "lng": "117.2537072",
                    "lat": "31.71703909",
                    "high": "25.9974"
                },
                {
                    "id": "15",
                    "sn": "L15",
                    "lng": "117.2537081",
                    "lat": "31.71704403",
                    "high": "25.9964"
                },
                {
                    "id": "16",
                    "sn": "L16",
                    "lng": "117.2537081",
                    "lat": "31.71704889",
                    "high": "25.9994"
                },
                {
                    "id": "17",
                    "sn": "L17",
                    "lng": "117.2537073",
                    "lat": "31.7170536",
                    "high": "25.9864"
                },
                {
                    "id": "18",
                    "sn": "L18",
                    "lng": "117.2537055",
                    "lat": "31.71706035",
                    "high": "25.9804"
                },
                {
                    "id": "19",
                    "sn": "L19",
                    "lng": "117.2537051",
                    "lat": "31.7170617",
                    "high": "25.9954"
                },
                {
                    "id": "20",
                    "sn": "L20",
                    "lng": "117.253704",
                    "lat": "31.71706581",
                    "high": "25.9934"
                },
                {
                    "id": "21",
                    "sn": "L21",
                    "lng": "117.2537026",
                    "lat": "31.71707118",
                    "high": "25.9934"
                },
                {
                    "id": "22",
                    "sn": "L22",
                    "lng": "117.2537017",
                    "lat": "31.71707645",
                    "high": "25.9874"
                },
                {
                    "id": "23",
                    "sn": "L23",
                    "lng": "117.2537015",
                    "lat": "31.7170815",
                    "high": "25.9884"
                },
                {
                    "id": "24",
                    "sn": "L24",
                    "lng": "117.2537017",
                    "lat": "31.7170866",
                    "high": "26.0044"
                },
                {
                    "id": "25",
                    "sn": "L25",
                    "lng": "117.2537026",
                    "lat": "31.71709188",
                    "high": "26.0114"
                },
                {
                    "id": "26",
                    "sn": "L26",
                    "lng": "117.253704",
                    "lat": "31.71709677",
                    "high": "26.0075"
                },
                {
                    "id": "27",
                    "sn": "L27",
                    "lng": "117.2537057",
                    "lat": "31.71710201",
                    "high": "26.0165"
                },
                {
                    "id": "28",
                    "sn": "L28",
                    "lng": "117.2537081",
                    "lat": "31.71710854",
                    "high": "26.0235"
                },
                {
                    "id": "29",
                    "sn": "L29",
                    "lng": "117.2537106",
                    "lat": "31.71711387",
                    "high": "26.0265"
                },
                {
                    "id": "30",
                    "sn": "L30",
                    "lng": "117.2537136",
                    "lat": "31.71711834",
                    "high": "26.0325"
                },
                {
                    "id": "31",
                    "sn": "L31",
                    "lng": "117.2537164",
                    "lat": "31.71712219",
                    "high": "26.0215"
                },
                {
                    "id": "32",
                    "sn": "L32",
                    "lng": "117.2537197",
                    "lat": "31.71712589",
                    "high": "26.0215"
                },
                {
                    "id": "33",
                    "sn": "L33",
                    "lng": "117.2537241",
                    "lat": "31.7171298",
                    "high": "26.0355"
                },
                {
                    "id": "34",
                    "sn": "L34",
                    "lng": "117.253729",
                    "lat": "31.71713366",
                    "high": "26.0365"
                },
                {
                    "id": "35",
                    "sn": "L35",
                    "lng": "117.2537345",
                    "lat": "31.71713731",
                    "high": "26.0395"
                },
                {
                    "id": "36",
                    "sn": "L36",
                    "lng": "117.2537396",
                    "lat": "31.71713989",
                    "high": "26.0525"
                },
                {
                    "id": "37",
                    "sn": "L37",
                    "lng": "117.2537447",
                    "lat": "31.71714227",
                    "high": "26.0555"
                },
                {
                    "id": "38",
                    "sn": "L38",
                    "lng": "117.2537504",
                    "lat": "31.71714447",
                    "high": "26.0656"
                },
                {
                    "id": "39",
                    "sn": "L39",
                    "lng": "117.253756",
                    "lat": "31.71714641",
                    "high": "26.0696"
                },
                {
                    "id": "40",
                    "sn": "L40",
                    "lng": "117.253762",
                    "lat": "31.71714799",
                    "high": "26.0736"
                },
                {
                    "id": "41",
                    "sn": "L41",
                    "lng": "117.2537677",
                    "lat": "31.71714901",
                    "high": "26.0756"
                },
                {
                    "id": "42",
                    "sn": "L42",
                    "lng": "117.2537733",
                    "lat": "31.71714974",
                    "high": "26.0896"
                },
                {
                    "id": "43",
                    "sn": "L43",
                    "lng": "117.2537791",
                    "lat": "31.71715018",
                    "high": "26.0846"
                },
                {
                    "id": "44",
                    "sn": "L44",
                    "lng": "117.2537844",
                    "lat": "31.71715008",
                    "high": "26.0906"
                },
                {
                    "id": "45",
                    "sn": "L45",
                    "lng": "117.2537898",
                    "lat": "31.71714956",
                    "high": "26.0906"
                },
                {
                    "id": "46",
                    "sn": "L46",
                    "lng": "117.2537956",
                    "lat": "31.71714888",
                    "high": "26.0826"
                },
                {
                    "id": "47",
                    "sn": "L47",
                    "lng": "117.253801",
                    "lat": "31.7171479",
                    "high": "26.1076"
                },
                {
                    "id": "48",
                    "sn": "L48",
                    "lng": "117.2538059",
                    "lat": "31.71714656",
                    "high": "26.1117"
                },
                {
                    "id": "49",
                    "sn": "L49",
                    "lng": "117.2538118",
                    "lat": "31.71714474",
                    "high": "26.1107"
                },
                {
                    "id": "50",
                    "sn": "L50",
                    "lng": "117.2538158",
                    "lat": "31.71714335",
                    "high": "26.1107"
                },
                {
                    "id": "51",
                    "sn": "L51",
                    "lng": "117.2538204",
                    "lat": "31.71714162",
                    "high": "26.1157"
                },
                {
                    "id": "1",
                    "sn": "Z1",
                    "lng": "117.2539917",
                    "lat": "31.71718947",
                    "high": "26.248"
                },
                {
                    "id": "2",
                    "sn": "Z2",
                    "lng": "117.253958",
                    "lat": "31.71720311",
                    "high": "26.233"
                },
                {
                    "id": "3",
                    "sn": "Z3",
                    "lng": "117.253973",
                    "lat": "31.71723104",
                    "high": "26.253"
                },
                {
                    "id": "4",
                    "sn": "Z4",
                    "lng": "117.2539401",
                    "lat": "31.71724382",
                    "high": "26.241"
                },
                {
                    "id": "5",
                    "sn": "Z5",
                    "lng": "117.2539554",
                    "lat": "31.71727313",
                    "high": "26.254"
                },
                {
                    "id": "6",
                    "sn": "Z6",
                    "lng": "117.2540225",
                    "lat": "31.71724671",
                    "high": "26.2751"
                }
            ]
        }
    ]
}